City_ID,City,Country,Lat,Lng,Max Temp,Humidity,Cloudiness,Wind Speed,Current Description,Rain (inches),Snow (inches)
0,Bambous Virieux,MU,-20.34,57.76,72.0,77,75,13.87,shower rain,0.0,0
1,Castro,BR,-24.79,-50.01,69.67,63,44,12.01,scattered clouds,0.0,0
2,San Fernando,PH,15.03,120.69,80.6,83,75,3.36,broken clouds,0.0,0
3,Gbarnga,LR,7.0,-9.47,76.84,78,99,3.69,light rain,0.13,0
4,Nanortalik,GL,60.14,-45.24,44.58,92,98,9.37,overcast clouds,0.0,0
5,Narsaq,GL,60.92,-46.05,55.4,76,75,6.93,broken clouds,0.0,0
6,Port Alfred,ZA,-33.59,26.89,52.0,96,94,8.99,light rain,0.36,0
7,Hermanus,ZA,-34.42,19.23,57.0,64,39,1.01,scattered clouds,0.0,0
8,Ushuaia,AR,-54.8,-68.3,32.0,91,75,3.36,broken clouds,0.0,0
9,Mount Isa,AU,-20.73,139.5,62.6,33,67,17.22,broken clouds,0.0,0
10,Guerrero Negro,MX,27.98,-114.06,77.67,45,2,6.08,clear sky,0.0,0
11,Luza,RU,60.63,47.25,71.38,60,98,4.83,overcast clouds,0.0,0
12,Elat,IL,29.56,34.95,102.2,26,0,8.05,clear sky,0.0,0
13,Elesbao Veloso,BR,-6.2,-42.14,90.39,35,6,8.14,clear sky,0.0,0
14,Ponta Do Sol,PT,32.67,-17.1,78.8,57,20,19.46,few clouds,0.0,0
15,Rikitea,PF,-23.12,-134.97,68.25,68,38,19.39,scattered clouds,0.0,0
16,Tuktoyaktuk,CA,69.45,-133.04,37.4,93,75,0.94,mist,0.0,0
17,Mataura,NZ,-46.19,168.86,44.08,91,100,3.51,overcast clouds,0.0,0
18,Clyde River,CA,70.47,-68.59,55.4,58,20,6.93,few clouds,0.0,0
19,Cape Town,ZA,-33.93,18.42,59.0,62,40,11.41,scattered clouds,0.0,0
20,Shahr-E Babak,IR,30.12,55.12,84.69,14,1,18.05,clear sky,0.0,0
21,Atuona,PF,-9.8,-139.03,79.88,76,31,21.39,scattered clouds,0.0,0
22,Severo-Kurilsk,RU,50.68,156.12,50.63,89,100,3.65,light rain,0.24,0
23,Macau,MO,22.2,113.55,86.0,89,40,11.41,scattered clouds,0.0,0
24,Norman Wells,CA,65.28,-126.83,50.0,87,90,5.82,overcast clouds,0.0,0
25,Derzhavinsk,KZ,51.1,66.32,83.66,47,0,6.15,clear sky,0.0,0
26,Hilo,US,19.73,-155.09,71.6,78,40,5.82,scattered clouds,0.0,0
27,Havre-Saint-Pierre,CA,50.23,-63.6,73.4,73,1,9.17,clear sky,0.0,0
28,Albania,AL,41.0,20.0,89.6,35,31,11.41,scattered clouds,0.0,0
29,Surgana,IN,20.57,73.62,76.68,86,22,13.56,few clouds,0.0,0
30,Bluff,NZ,-46.6,168.33,50.11,80,100,24.61,light rain,0.13,0
31,Imbituba,BR,-28.24,-48.67,66.2,68,75,13.87,thunderstorm,0.0,0
32,Tuatapere,NZ,-46.13,167.68,45.45,90,100,4.74,light rain,0.58,0
33,Shangrao,CN,28.45,117.97,80.13,84,100,1.41,overcast clouds,0.0,0
34,Hashtrud,IR,37.48,47.05,71.37,50,72,7.72,broken clouds,0.0,0
35,Bethel,US,41.37,-73.41,80.6,74,75,8.05,broken clouds,0.0,0
36,Rockhampton,AU,-23.38,150.5,57.2,93,40,0.96,scattered clouds,0.0,0
37,Anta,IN,25.15,76.3,92.1,54,93,17.43,overcast clouds,0.0,0
38,Ust-Nera,RU,64.57,143.2,55.71,50,0,1.19,clear sky,0.0,0
39,Punta Arenas,CL,-53.15,-70.92,35.6,74,40,17.22,scattered clouds,0.0,0
40,Bredasdorp,ZA,-34.53,20.04,57.2,62,24,8.05,few clouds,0.0,0
41,Takanabe,JP,32.13,131.5,77.45,88,100,4.25,overcast clouds,0.0,0
42,Pak Phanang,TH,8.35,100.2,80.8,81,100,6.58,overcast clouds,0.0,0
43,Yar-Sale,RU,66.83,70.83,58.84,58,37,10.07,scattered clouds,0.0,0
44,Praia Da Vitoria,PT,38.73,-27.07,73.4,73,40,11.45,scattered clouds,0.0,0
45,Moron,AR,-34.65,-58.62,55.4,37,0,9.17,clear sky,0.0,0
46,Lompoc,US,34.64,-120.46,59.0,100,0,1.3,mist,0.0,0
47,New Norfolk,AU,-42.78,147.06,46.0,91,58,2.28,broken clouds,0.0,0
48,Hobart,AU,-42.88,147.33,46.0,87,90,1.12,overcast clouds,0.0,0
49,Dikson,RU,73.51,80.55,43.09,86,79,13.04,broken clouds,0.0,0
50,Khatanga,RU,71.97,102.5,51.15,82,99,12.71,overcast clouds,0.0,0
51,Slave Lake,CA,55.28,-114.77,55.4,82,1,5.82,clear sky,0.0,0
52,Nosivka,UA,50.93,31.58,80.2,68,0,7.61,clear sky,0.0,0
53,Ponta Delgada,PT,37.73,-25.67,73.4,60,75,8.05,broken clouds,0.0,0
54,Iranshahr,IR,27.2,60.68,107.6,9,20,11.41,few clouds,0.0,0
55,Saint-Philippe,RE,-21.36,55.77,69.8,73,20,4.7,few clouds,0.0,0
56,Henties Bay,NA,-22.12,14.28,61.0,75,0,8.99,clear sky,0.0,0
57,Avarua,CK,-21.21,-159.78,71.6,88,100,2.24,light intensity drizzle,0.0,0
58,Ahome,MX,25.92,-109.18,89.01,55,40,2.51,scattered clouds,0.0,0
59,Tasiilaq,GL,65.61,-37.64,46.4,70,20,18.34,few clouds,0.0,0
60,Ovsyanka,RU,55.96,92.55,57.2,87,40,2.24,scattered clouds,0.0,0
61,Tilichiki,RU,60.47,166.1,48.09,100,100,3.09,overcast clouds,0.0,0
62,Georgetown,MY,5.41,100.34,80.6,94,20,3.15,few clouds,0.0,0
63,Alice Springs,AU,-23.7,133.88,42.8,60,0,1.12,clear sky,0.0,0
64,Bonavista,CA,48.65,-53.11,55.0,82,12,7.0,few clouds,0.0,0
65,Busselton,AU,-33.65,115.33,45.0,68,0,12.95,clear sky,0.0,0
66,Port Hedland,AU,-20.32,118.57,64.4,23,0,10.29,clear sky,0.0,0
67,Lebu,CL,-37.62,-73.65,50.54,80,100,11.68,light rain,0.22,0
68,Manono,CD,-7.3,27.42,94.28,25,69,7.27,broken clouds,0.0,0
69,Saskylakh,RU,71.92,114.08,65.03,81,75,11.77,light rain,0.27,0
70,Queimadas,BR,-10.98,-39.63,81.16,49,44,11.32,scattered clouds,0.0,0
71,Isla Vista,US,34.41,-119.86,66.2,93,90,5.82,fog,0.0,0
72,Naliya,IN,23.27,68.83,85.33,79,100,20.02,overcast clouds,0.0,0
73,Buraydah,SA,26.33,43.98,111.2,15,0,4.7,clear sky,0.0,0
74,Valparaiso,CL,-33.04,-71.63,53.6,100,40,8.05,scattered clouds,0.0,0
75,Ulaanbaatar,MN,47.91,106.88,57.2,87,85,2.24,overcast clouds,0.0,0
76,Vaini,TO,-21.2,-175.2,69.8,88,20,9.17,few clouds,0.0,0
77,Westport,US,41.14,-73.36,79.0,88,90,8.05,overcast clouds,0.0,0
78,Thinadhoo,MV,0.53,72.93,84.34,74,23,9.19,few clouds,0.0,0
79,Sitka,US,57.05,-135.33,53.6,93,90,6.93,light rain,0.0,0
80,Saint Anthony,US,45.02,-93.22,80.6,51,1,5.82,clear sky,0.0,0
81,Ahipara,NZ,-35.17,173.17,49.82,82,42,2.95,scattered clouds,0.0,0
82,Tazovskiy,RU,67.47,78.7,56.52,62,4,9.66,clear sky,0.0,0
83,Granville,AU,-33.83,151.02,54.0,93,100,5.82,light rain,0.25,0
84,Hasaki,JP,35.73,140.83,80.6,83,75,14.99,light intensity shower rain,0.0,0
85,Nioki,CD,-2.72,17.68,94.12,34,73,1.81,broken clouds,0.0,0
86,Souillac,MU,-20.52,57.52,69.8,77,75,13.87,shower rain,0.0,0
87,Rabo De Peixe,PT,37.8,-25.58,73.4,60,75,8.05,broken clouds,0.0,0
88,Baherden,TM,38.44,57.43,94.1,25,18,10.38,few clouds,0.0,0
89,Nouadhibou,MR,20.93,-17.03,75.2,69,0,19.46,clear sky,0.0,0
90,Carnarvon,AU,-24.87,113.63,55.4,66,0,9.17,clear sky,0.0,0
91,Barrow,US,71.29,-156.79,33.8,86,90,8.05,mist,0.0,0
92,Severnyy,RU,50.68,36.55,80.6,34,0,6.71,clear sky,0.0,0
93,Port Elizabeth,ZA,-33.92,25.57,55.4,82,40,20.8,scattered clouds,0.0,0
94,Guasdualito,VE,7.24,-70.73,73.4,94,75,6.93,light intensity drizzle,0.0,0
95,Imeni Poliny Osipenko,RU,52.42,136.49,55.27,94,0,7.14,clear sky,0.0,0
96,Naze,JP,28.37,129.48,80.6,100,84,4.7,broken clouds,0.0,0
97,Jamestown,US,42.1,-79.24,73.99,100,90,6.93,moderate rain,1.02,0
98,Half Moon Bay,US,37.46,-122.43,66.99,87,0,5.01,mist,0.0,0
99,Tall Kayf,TR,37.08,41.07,105.8,14,20,11.41,few clouds,0.0,0
100,Puerto Ayora,EC,-0.74,-90.35,69.01,90,100,1.01,overcast clouds,0.0,0
101,Flin Flon,CA,54.77,-101.86,66.2,82,75,5.82,broken clouds,0.0,0
102,Albany,US,42.6,-73.97,84.99,77,75,7.78,broken clouds,0.0,0
103,Kaitangata,NZ,-46.28,169.85,50.0,55,100,8.99,overcast clouds,0.0,0
104,Luderitz,NA,-26.65,15.16,66.2,52,0,12.75,clear sky,0.0,0
105,Collie,AU,-33.37,116.15,45.0,68,0,4.65,clear sky,0.0,0
106,Hobyo,SO,5.35,48.53,80.06,75,88,30.8,overcast clouds,0.0,0
107,Burnie,AU,-41.07,145.92,46.99,83,93,3.0,overcast clouds,0.0,0
108,Salinopolis,BR,-0.61,-47.36,84.18,71,92,13.6,light rain,0.21,0
109,Basco,PH,20.45,121.97,85.73,67,0,3.85,clear sky,0.0,0
110,Kapaa,US,22.08,-159.32,78.8,83,90,12.75,moderate rain,1.52,0
111,Bengkulu,ID,-3.8,102.27,78.57,87,95,3.96,light rain,0.38,0
112,Kodiak,US,57.79,-152.41,54.23,84,0,1.95,clear sky,0.0,0
113,Hambantota,LK,6.12,81.12,80.6,94,40,2.24,scattered clouds,0.0,0
114,Mahebourg,MU,-20.41,57.7,69.8,77,75,13.87,shower rain,0.0,0
115,Karratha,AU,-20.74,116.85,68.63,29,0,15.12,clear sky,0.0,0
116,Los Llanos De Aridane,ES,28.66,-17.92,75.2,73,20,18.34,few clouds,0.0,0
117,Ribeira Grande,PT,38.52,-28.7,73.4,73,20,9.17,few clouds,0.0,0
118,Pindiga,NG,9.98,10.93,79.74,70,100,7.49,overcast clouds,0.0,0
119,Chokurdakh,RU,70.63,147.92,45.12,81,4,10.16,clear sky,0.0,0
120,Grand Island,US,40.92,-98.34,78.8,61,20,11.41,few clouds,0.0,0
121,Hervey Bay,AU,-25.3,152.85,60.01,87,59,5.01,broken clouds,0.0,0
122,Longyearbyen,SJ,78.22,15.64,44.6,70,75,35.57,broken clouds,0.0,0
123,Iqaluit,CA,63.75,-68.51,37.4,93,90,6.93,overcast clouds,0.0,0
124,Egvekinot,RU,66.32,-179.17,53.76,62,92,3.58,overcast clouds,0.0,0
125,Santiago Del Estero,AR,-27.8,-64.26,59.94,61,28,4.12,scattered clouds,0.0,0
126,Montevideo,UY,-34.83,-56.17,51.8,57,0,8.05,clear sky,0.0,0
127,George,ZA,-33.96,22.46,53.6,62,20,12.75,few clouds,0.0,0
128,Harboore,DK,56.62,8.18,63.0,66,42,4.0,scattered clouds,0.0,0
129,Sunland Park,US,31.8,-106.58,93.0,31,20,3.87,few clouds,0.0,0
130,Pochutla,MX,15.74,-96.47,80.6,74,75,8.05,broken clouds,0.0,0
131,Leningradskiy,RU,69.38,178.42,38.48,80,0,12.84,clear sky,0.0,0
132,Ostrovnoy,RU,68.05,39.51,63.84,52,16,11.83,few clouds,0.0,0
133,Hithadhoo,MV,-0.6,73.08,84.52,75,9,10.45,clear sky,0.0,0
134,Tornio,FI,65.85,24.15,62.6,55,53,5.82,broken clouds,0.0,0
135,Yellowknife,CA,62.46,-114.35,68.0,82,75,6.93,broken clouds,0.0,0
136,Bintulu,MY,3.17,113.03,77.0,100,40,3.8,scattered clouds,0.0,0
137,Itoman,JP,26.12,127.67,84.2,83,20,6.93,few clouds,0.0,0
138,Trelew,AR,-43.25,-65.31,44.82,55,3,37.07,clear sky,0.0,0
139,Pontian Kecil,MY,1.48,103.39,82.0,100,20,7.81,few clouds,0.0,0
140,Jumla,NP,29.27,82.18,63.45,72,48,2.75,light rain,0.2,0
141,Victoria Point,AU,-27.58,153.3,61.0,86,0,9.06,light rain,0.24,0
142,Greenville,US,35.61,-77.37,89.01,70,1,6.93,clear sky,0.0,0
143,Kruisfontein,ZA,-34.0,24.73,52.66,65,59,17.18,broken clouds,0.0,0
144,Plerin,FR,48.54,-2.78,69.01,59,35,12.75,scattered clouds,0.0,0
145,Raudeberg,NO,61.99,5.14,52.0,90,100,18.48,light rain,0.4,0
146,Cabo San Lucas,MX,22.89,-109.91,88.0,51,20,4.7,few clouds,0.0,0
147,Kahului,US,20.89,-156.47,78.8,57,20,16.11,few clouds,0.0,0
148,Constantine,DZ,36.37,6.61,96.8,20,40,9.17,thunderstorm,0.0,0
149,Klaksvik,FO,62.23,-6.59,51.8,87,31,9.17,scattered clouds,0.0,0
150,Baruun-Urt,MN,46.68,113.28,69.01,46,32,8.84,scattered clouds,0.0,0
151,Novyy Buyan,RU,53.69,50.05,78.8,57,0,11.18,clear sky,0.0,0
152,Richards Bay,ZA,-28.78,32.04,62.29,51,95,17.09,overcast clouds,0.0,0
153,Pevek,RU,69.7,170.31,48.74,76,100,1.52,overcast clouds,0.0,0
154,Senno,RU,59.53,33.92,71.53,50,99,14.76,overcast clouds,0.0,0
155,Yaan,NG,7.38,8.57,79.05,83,90,4.83,light rain,0.33,0
156,Demba,CD,-5.51,22.27,92.34,29,96,2.08,overcast clouds,0.0,0
157,Honiara,SB,-9.43,159.95,73.4,100,75,2.24,broken clouds,0.0,0
158,Butaritari,KI,3.07,172.79,82.42,80,100,15.55,light rain,0.46,0
159,Konevo,RU,62.12,39.32,59.41,96,100,9.46,light rain,0.47,0
160,Sinnamary,GF,5.38,-52.95,83.59,78,17,10.13,light rain,0.86,0
161,Yanam,IN,16.73,82.22,84.2,79,75,5.82,broken clouds,0.0,0
162,Codrington,AU,-38.27,141.97,47.01,91,84,1.32,light rain,0.26,0
163,Aswan,EG,24.09,32.91,105.01,10,0,14.05,clear sky,0.0,0
164,Sidi Ali,DZ,36.1,0.42,83.28,50,0,14.5,clear sky,0.0,0
165,Chenghai,CN,23.46,116.77,84.2,79,1,8.95,clear sky,0.0,0
166,Kenai,US,60.55,-151.26,53.6,87,40,1.59,scattered clouds,0.0,0
167,Akyab,MM,20.15,92.9,82.53,84,96,8.52,moderate rain,1.19,0
168,San Juan,AR,-31.54,-68.54,56.19,41,81,10.47,broken clouds,0.0,0
169,Holliston,US,42.2,-71.42,86.0,77,53,1.99,light rain,0.25,0
170,Mancio Lima,BR,-7.61,-72.9,77.0,78,20,3.36,few clouds,0.0,0
171,Kirakira,SB,-10.45,161.92,77.92,85,98,8.72,overcast clouds,0.0,0
172,Quipot,PH,13.93,121.32,80.01,88,100,1.01,overcast clouds,0.0,0
173,Kaliua,TZ,-5.06,31.79,83.43,36,100,5.19,overcast clouds,0.0,0
174,Qaanaaq,GL,77.48,-69.36,44.64,60,93,5.06,overcast clouds,0.0,0
175,Sistranda,NO,63.73,8.83,53.6,81,75,17.22,shower rain,0.0,0
176,Leua,SK,48.22,18.61,68.0,60,93,17.0,moderate rain,1.64,0
177,Aklavik,CA,68.22,-135.01,48.2,87,40,3.36,scattered clouds,0.0,0
178,Ponorogo,ID,-7.87,111.46,73.96,81,1,5.77,clear sky,0.0,0
179,Letterkenny,IE,54.95,-7.73,62.6,71,90,10.29,overcast clouds,0.0,0
180,Rajapur,IN,25.38,81.15,92.59,56,62,14.29,light rain,0.42,0
181,Belaya Gora,RU,68.53,146.42,58.95,71,60,4.03,broken clouds,0.0,0
182,Aberystwyth,GB,52.42,-4.08,64.0,55,0,5.99,clear sky,0.0,0
183,Christchurch,NZ,-43.53,172.63,39.2,93,8,4.7,clear sky,0.0,0
184,Castries,LC,14.0,-61.01,86.0,70,40,10.29,scattered clouds,0.0,0
185,Tiksi,RU,71.69,128.87,48.49,87,100,8.88,light rain,0.21,0
186,Batagay,RU,67.63,134.63,63.37,43,59,4.14,broken clouds,0.0,0
187,Bubaque,GW,11.28,-15.83,79.2,88,100,20.87,moderate rain,1.48,0
188,Bilibino,RU,68.05,166.44,57.81,86,100,2.66,light rain,0.3,0
189,Cabedelo,BR,-6.98,-34.83,80.6,78,90,12.75,overcast clouds,0.0,0
190,Itarema,BR,-2.92,-39.92,85.48,59,46,13.87,scattered clouds,0.0,0
191,Callaguip,PH,18.07,120.49,82.85,74,82,4.5,broken clouds,0.0,0
192,Viedma,AR,-40.81,-63.0,48.83,50,86,24.4,overcast clouds,0.0,0
193,Faanui,PF,-16.48,-151.75,77.58,79,36,18.41,scattered clouds,0.0,0
194,South Lake Tahoe,US,38.93,-119.98,71.01,50,1,3.36,clear sky,0.0,0
195,Palmer,US,42.16,-72.33,84.99,66,75,8.05,broken clouds,0.0,0
196,Khasan,RU,42.43,130.64,61.09,92,100,1.05,overcast clouds,0.0,0
197,Talas,TR,38.69,35.55,86.0,33,20,12.75,few clouds,0.0,0
198,Buala,SB,-8.14,159.59,81.25,76,99,11.14,overcast clouds,0.0,0
199,Zhanaozen,KZ,43.3,52.8,98.35,12,49,9.13,scattered clouds,0.0,0
200,Ust-Omchug,RU,61.15,149.63,51.42,76,0,3.0,clear sky,0.0,0
201,Saldanha,ZA,-33.01,17.94,59.0,54,7,5.82,clear sky,0.0,0
202,Xingyi,CN,24.19,102.82,62.28,95,100,5.61,overcast clouds,0.0,0
203,Boyolangu,ID,-8.12,111.89,75.16,88,74,4.88,broken clouds,0.0,0
204,Buchanan,LR,5.88,-10.05,78.8,78,75,11.41,broken clouds,0.0,0
205,Lorengau,PG,-2.02,147.27,81.5,77,51,5.93,light rain,0.36,0
206,Boddam,GB,57.47,-1.78,64.0,55,20,11.41,few clouds,0.0,0
207,Carauari,BR,-4.88,-66.9,89.78,55,1,1.54,clear sky,0.0,0
208,Castlebar,IE,53.85,-9.3,59.0,67,75,6.93,broken clouds,0.0,0
209,Chuy,UY,-33.7,-53.46,49.51,57,0,7.23,clear sky,0.0,0
210,East London,ZA,-33.02,27.91,60.8,48,88,33.33,light rain,0.61,0
211,Torbay,CA,47.67,-52.73,64.99,77,40,5.82,scattered clouds,0.0,0
212,Victoria,HK,22.29,114.16,86.0,70,62,8.99,broken clouds,0.0,0
213,Gutierrez,CO,4.25,-74.0,80.6,69,40,4.7,scattered clouds,0.0,0
214,Goya,AR,-29.14,-59.26,61.02,64,100,10.18,overcast clouds,0.0,0
215,Cherskiy,RU,68.75,161.3,46.02,95,40,11.16,scattered clouds,0.0,0
216,Tucupita,VE,9.06,-62.05,75.45,96,100,1.41,light rain,0.79,0
217,Skibbereen,IE,51.55,-9.27,62.6,55,40,11.41,scattered clouds,0.0,0
218,Saga,JP,33.25,130.3,75.99,94,75,3.36,light intensity shower rain,0.0,0
219,Natal,BR,-5.79,-35.21,78.8,74,75,11.41,broken clouds,0.0,0
220,Orlik,RU,52.52,99.83,55.87,83,100,4.54,light rain,0.66,0
221,Paamiut,GL,61.99,-49.67,43.56,89,31,6.67,scattered clouds,0.0,0
222,Petropavlovsk-Kamchatskiy,RU,53.05,158.65,53.6,100,75,6.71,broken clouds,0.0,0
223,Thompson,CA,55.74,-97.86,59.0,82,75,3.36,broken clouds,0.0,0
224,Pitrufquen,CL,-38.98,-72.65,44.6,100,90,8.05,shower rain,0.0,0
225,Port Hardy,CA,50.7,-127.42,53.6,100,90,2.24,light rain,0.0,0
226,Olafsvik,IS,64.89,-23.71,51.96,85,100,12.17,overcast clouds,0.0,0
227,Sao Joao Da Barra,BR,-21.64,-41.05,78.8,61,20,6.93,few clouds,0.0,0
228,Oxilithos,GR,38.58,24.12,82.99,20,4,7.0,clear sky,0.0,0
229,Yermolayevo,RU,52.72,55.8,81.36,66,100,9.78,overcast clouds,0.0,0
230,Aksu,CN,41.12,80.26,74.35,41,28,2.48,light rain,0.47,0
231,Airai,TL,-8.93,125.41,57.79,100,35,3.6,scattered clouds,0.0,0
232,Saint-Francois,FR,46.42,3.91,79.0,22,0,10.29,clear sky,0.0,0
233,Pisco,PE,-13.7,-76.22,60.8,82,90,3.36,overcast clouds,0.0,0
234,Padang,ID,-0.95,100.35,79.36,78,95,4.18,moderate rain,1.26,0
235,Pangnirtung,CA,66.15,-65.71,46.4,87,75,11.41,broken clouds,0.0,0
236,Dovhe,UA,48.37,23.28,88.0,49,0,1.99,clear sky,0.0,0
237,Meadow Lake,US,34.8,-106.54,84.0,19,20,4.7,few clouds,0.0,0
238,Dingle,PH,11.0,122.67,78.12,85,86,3.18,overcast clouds,0.0,0
239,Iquitos,PE,-3.75,-73.25,80.6,83,75,4.7,broken clouds,0.0,0
240,Jalu,LY,29.03,21.55,98.42,14,0,12.93,clear sky,0.0,0
241,Broken Hill,AU,-31.95,141.43,46.4,81,90,8.05,overcast clouds,0.0,0
242,Twentynine Palms,US,34.14,-116.05,93.0,18,1,3.36,clear sky,0.0,0
243,Mar Del Plata,AR,-38.0,-57.56,48.99,65,33,2.24,scattered clouds,0.0,0
244,Saint-Joseph,RE,-21.37,55.62,69.8,73,20,4.7,few clouds,0.0,0
245,Opuwo,NA,-18.06,13.84,81.55,12,13,9.44,few clouds,0.0,0
246,Puerto Del Rosario,ES,28.5,-13.86,77.0,73,4,17.22,clear sky,0.0,0
247,Sioux Lookout,CA,50.1,-91.92,62.6,72,75,8.05,broken clouds,0.0,0
248,Saint-Pierre,RE,-21.34,55.48,69.8,73,20,4.7,few clouds,0.0,0
249,Farah,AF,32.5,62.5,88.45,19,0,27.27,clear sky,0.0,0
250,Arraial Do Cabo,BR,-22.97,-42.03,77.0,57,0,19.46,clear sky,0.0,0
251,Chirala,IN,15.82,80.35,86.7,73,100,9.75,light rain,0.53,0
252,Bosaso,SO,11.28,49.18,96.8,47,88,9.17,overcast clouds,0.0,0
253,Sun City West,US,33.66,-112.34,97.0,25,20,8.05,few clouds,0.0,0
254,Nanyang,CN,32.99,112.53,69.62,91,100,17.38,moderate rain,1.14,0
255,Husavik,IS,66.04,-17.34,59.0,58,75,9.17,broken clouds,0.0,0
256,Korla,CN,41.76,86.15,79.0,69,52,5.01,broken clouds,0.0,0
257,Vladicin Han,RS,42.71,22.06,88.0,37,28,5.01,moderate rain,1.17,0
258,Barnaul,RU,53.36,83.76,68.0,52,40,3.58,scattered clouds,0.0,0
259,Sola,VU,-13.88,167.55,79.83,83,85,24.94,light rain,0.43,0
260,Hoopstad,ZA,-27.83,25.91,49.73,45,0,12.39,clear sky,0.0,0
261,Nikolskoye,RU,59.7,30.79,64.4,52,40,11.18,scattered clouds,0.0,0
262,Ismailia,EG,30.6,32.27,90.3,36,0,21.79,clear sky,0.0,0
263,Chicama,PE,-7.84,-79.15,67.87,65,90,7.52,overcast clouds,0.0,0
264,Rawson,AR,-43.3,-65.1,44.87,56,22,37.22,few clouds,0.0,0
265,Lakselv,NO,70.05,24.97,59.0,58,100,13.87,light rain,0.36,0
266,Muroto,JP,33.28,134.15,77.65,91,99,5.93,light rain,0.84,0
267,Muswellbrook,AU,-32.27,150.9,51.01,89,100,1.99,overcast clouds,0.0,0
268,Myre,NO,69.1,15.95,55.4,71,28,5.82,scattered clouds,0.0,0
269,Novyy Urgal,RU,51.07,132.56,61.48,91,26,1.05,scattered clouds,0.0,0
270,Vardo,NO,70.37,31.11,53.6,66,75,10.29,broken clouds,0.0,0
271,Siva,EG,29.2,25.52,99.88,14,0,13.38,clear sky,0.0,0
272,Kilindoni,TZ,-7.91,39.67,77.23,79,24,14.41,few clouds,0.0,0
273,Tobermory,CA,45.25,-81.67,71.01,91,100,1.01,overcast clouds,0.0,0
274,Sefophe,BW,-22.18,27.97,71.6,46,0,11.41,clear sky,0.0,0
275,Hailun,CN,47.45,126.93,66.51,75,0,3.58,clear sky,0.0,0
276,Flinders,AU,-34.58,150.86,48.99,89,99,1.01,light rain,0.25,0
277,Santa Cruz,BO,-17.8,-63.17,78.8,69,75,2.24,broken clouds,0.0,0
278,Peski,RU,55.22,38.76,80.6,44,1,11.18,clear sky,0.0,0
279,San Luis,AR,-33.3,-66.34,56.84,46,28,21.74,scattered clouds,0.0,0
280,Talnakh,RU,69.49,88.4,51.8,81,75,17.9,broken clouds,0.0,0
281,Pingliang,CN,35.54,106.69,61.25,85,100,2.53,overcast clouds,0.0,0
282,Lavrentiya,RU,65.58,-171.0,46.35,68,0,6.89,clear sky,0.0,0
283,Cidreira,BR,-30.18,-50.21,57.4,94,100,7.23,overcast clouds,0.0,0
284,Sanmenxia,CN,34.77,111.18,67.57,85,100,8.14,moderate rain,1.69,0
285,Puerto Colombia,CO,10.99,-74.95,80.6,88,90,3.36,thunderstorm,0.0,0
286,Ixtepec,MX,16.58,-95.1,79.88,77,87,7.4,overcast clouds,0.0,0
287,Bridlington,GB,54.08,-0.19,64.4,55,72,11.41,broken clouds,0.0,0
288,Ahuimanu,US,21.44,-157.84,78.8,73,90,13.87,overcast clouds,0.0,0
289,Jinchang,CN,38.5,102.17,70.97,42,66,12.75,broken clouds,0.0,0
290,Paramonga,PE,-10.67,-77.83,64.44,68,60,7.05,broken clouds,0.0,0
291,Mount Gambier,AU,-37.83,140.77,48.2,93,75,8.05,light intensity shower rain,0.0,0
292,Noumea,NC,-22.28,166.46,68.0,87,96,2.24,light rain,0.2,0
293,Sikonge,TZ,-5.63,32.77,82.4,42,75,9.17,broken clouds,0.0,0
294,Xuddur,SO,4.12,43.89,86.4,41,49,20.4,scattered clouds,0.0,0
295,Kitob,UZ,39.08,66.83,76.96,37,53,4.05,broken clouds,0.0,0
296,Sai Buri,TH,6.7,101.62,75.2,100,75,8.05,light rain,0.0,0
297,Hualmay,PE,-11.1,-77.61,64.2,67,16,7.0,few clouds,0.0,0
298,Nieuw Amsterdam,SR,5.88,-55.08,87.01,66,40,8.05,scattered clouds,0.0,0
299,Majene,ID,-3.54,118.97,78.19,86,100,10.51,overcast clouds,0.0,0
300,Ancud,CL,-41.87,-73.82,45.0,81,75,4.7,broken clouds,0.0,0
301,Risti,EE,59.0,24.06,57.99,82,90,19.46,overcast clouds,0.0,0
302,Ilulissat,GL,69.22,-51.1,46.4,70,40,4.7,scattered clouds,0.0,0
303,Scottsbluff,US,41.87,-103.67,70.0,72,1,4.7,clear sky,0.0,0
304,Keuruu,FI,62.27,24.7,59.0,87,75,4.7,shower rain,0.0,0
305,Oranjestad,AW,12.52,-70.03,87.8,66,40,25.28,scattered clouds,0.0,0
306,Porto Novo,BJ,6.5,2.6,80.6,83,40,12.75,scattered clouds,0.0,0
307,Dandong,CN,40.13,124.39,69.35,82,88,1.41,overcast clouds,0.0,0
308,Burla,IN,21.5,83.87,79.88,75,100,1.9,overcast clouds,0.0,0
309,Lerwick,GB,60.15,-1.15,53.6,81,40,9.17,scattered clouds,0.0,0
310,Provideniya,RU,64.38,-173.3,50.05,84,7,5.1,clear sky,0.0,0
311,Phangnga,TH,8.45,98.53,77.0,100,75,3.36,light rain,0.0,0
312,Marsh Harbour,BS,26.54,-77.06,85.95,68,100,16.49,moderate rain,1.19,0
313,Saint-Ambroise,CA,48.55,-71.33,81.0,65,75,12.75,broken clouds,0.0,0
314,Kattivakkam,IN,13.22,80.32,86.0,79,75,6.93,broken clouds,0.0,0
315,Evensk,RU,61.95,159.23,52.45,95,100,0.87,overcast clouds,0.0,0
316,Maldonado,UY,-34.67,-54.92,51.8,57,0,9.17,clear sky,0.0,0
317,Chico,US,39.73,-121.84,82.0,27,20,1.07,few clouds,0.0,0
318,Kazan,RU,55.79,49.12,77.0,33,1,6.71,clear sky,0.0,0
319,Marawi,PH,8.0,124.29,75.99,94,100,3.0,light rain,0.32,0
320,Atambua,ID,-9.11,124.89,71.44,88,92,6.22,overcast clouds,0.0,0
321,Singapore,SG,1.29,103.85,82.4,83,75,5.82,broken clouds,0.0,0
322,Portalegre,PT,39.29,-7.43,104.0,19,10,4.7,clear sky,0.0,0
323,Deputatskiy,RU,69.3,139.9,58.39,62,100,1.32,overcast clouds,0.0,0
324,Krasnovishersk,RU,60.41,57.08,72.43,52,9,5.35,clear sky,0.0,0
325,Jiexiu,CN,37.02,111.91,66.97,77,100,2.08,light rain,0.34,0
326,Makakilo City,US,21.35,-158.09,78.8,73,75,3.36,broken clouds,0.0,0
327,Halifax,CA,44.65,-63.57,66.0,84,100,9.57,overcast clouds,0.0,0
328,Grindavik,IS,63.84,-22.43,51.8,81,75,14.99,shower rain,0.0,0
329,Kirkwall,GB,58.98,-2.96,55.4,76,20,18.34,shower rain,0.0,0
330,Singaraja,ID,-8.11,115.09,79.36,73,80,5.44,broken clouds,0.0,0
331,Manggar,ID,-2.88,108.27,80.74,82,100,9.24,overcast clouds,0.0,0
332,Arucas,ES,28.12,-15.52,80.6,57,20,33.33,few clouds,0.0,0
333,Constitucion,CL,-35.33,-72.42,50.41,68,100,7.14,overcast clouds,0.0,0
334,Zhaodong,CN,46.08,125.98,68.0,88,85,4.47,overcast clouds,0.0,0
335,Bayangol,RU,50.7,103.47,55.11,82,87,3.44,overcast clouds,0.0,0
336,Den Helder,NL,52.96,4.76,63.0,72,75,13.87,broken clouds,0.0,0
337,Matara,LK,5.95,80.54,80.2,86,91,7.74,overcast clouds,0.0,0
338,Sao Miguel Do Araguaia,BR,-13.28,-50.16,87.03,40,77,7.92,broken clouds,0.0,0
339,Kill,IE,52.18,-7.33,61.0,72,43,10.29,scattered clouds,0.0,0
340,Kitgum,UG,3.28,32.89,76.14,86,86,3.6,moderate rain,1.16,0
341,Keffi,NG,8.85,7.87,82.4,69,75,5.82,broken clouds,0.0,0
342,Wuxi,CN,31.57,120.29,80.01,79,100,9.44,light rain,0.82,0
343,Samarai,PG,-10.62,150.67,77.72,88,100,15.19,light rain,0.83,0
344,Lovington,US,32.94,-103.35,89.01,40,5,10.29,clear sky,0.0,0
345,Hamilton,US,39.18,-84.53,84.0,61,1,5.82,clear sky,0.0,0
346,Calasgasan,PH,14.08,122.93,79.75,84,87,2.35,moderate rain,3.3,0
347,Esperance,AU,-33.87,121.9,46.4,87,14,6.93,few clouds,0.0,0
348,Fortuna,US,40.6,-124.16,57.99,100,90,8.05,overcast clouds,0.0,0
349,Tezu,IN,27.92,96.17,75.65,87,100,3.65,heavy intensity rain,5.62,0
350,Upernavik,GL,72.79,-56.15,41.65,82,0,7.27,clear sky,0.0,0
351,Willowmore,ZA,-33.29,23.49,45.45,58,13,14.43,few clouds,0.0,0
352,Rafaela,AR,-31.25,-61.49,59.0,28,12,4.0,few clouds,0.0,0
353,Travesia,HN,15.87,-87.9,87.8,70,75,5.82,broken clouds,0.0,0
354,Mecca,SA,21.43,39.83,99.81,14,0,17.47,clear sky,0.0,0
355,Kavaratti,IN,10.57,72.64,81.14,84,100,25.23,moderate rain,2.84,0
356,Nara,JP,34.69,135.8,78.01,88,100,1.01,light rain,0.34,0
357,Gavle,SE,60.67,17.14,73.0,33,41,7.0,scattered clouds,0.0,0
358,Ushibuka,JP,32.19,130.02,76.59,95,95,3.96,light rain,0.53,0
359,Katsuura,JP,35.13,140.3,79.0,94,75,19.46,broken clouds,0.0,0
360,Acapulco,MX,16.86,-99.89,80.6,88,90,5.82,overcast clouds,0.0,0
361,Riverton,US,40.52,-111.94,78.8,29,1,4.7,clear sky,0.0,0
362,Sur,OM,22.57,59.53,89.37,63,41,8.52,scattered clouds,0.0,0
363,Sibolga,ID,1.74,98.78,78.35,80,92,4.5,light rain,0.74,0
364,Zhicheng,CN,30.3,111.5,75.99,92,100,2.51,light rain,0.27,0
365,Port-Gentil,GA,-0.72,8.78,78.8,78,90,13.82,overcast clouds,0.0,0
366,Bani Walid,LY,31.76,13.99,98.91,17,0,5.97,clear sky,0.0,0
367,Ugoofaaru,MV,5.67,73.0,83.64,75,54,8.34,light rain,0.51,0
368,Nabire,ID,-3.37,135.48,76.86,89,100,6.33,moderate rain,2.49,0
369,Vao,NC,-22.67,167.48,69.04,78,54,21.03,light rain,0.15,0
370,Portland,US,45.52,-122.68,64.0,72,20,3.36,few clouds,0.0,0
371,Tura,IN,25.52,90.22,74.91,97,100,7.63,light rain,0.91,0
372,Riihimaki,FI,60.74,24.78,59.0,82,40,13.87,scattered clouds,0.0,0
373,Yazman,PK,29.12,71.74,108.88,19,22,8.34,few clouds,0.0,0
374,Yabelo,ET,4.88,38.08,71.64,46,70,8.97,broken clouds,0.0,0
375,Haines Junction,CA,60.75,-137.51,49.78,74,100,2.95,overcast clouds,0.0,0
376,Belmonte,BR,-15.86,-38.88,78.8,69,20,8.05,few clouds,0.0,0
377,Huainan,CN,32.63,117.0,75.76,95,100,16.31,light rain,0.15,0
378,Vanimo,PG,-2.67,141.3,78.53,84,100,6.78,moderate rain,1.14,0
379,Vila Velha,BR,-20.33,-40.29,77.0,61,20,6.93,few clouds,0.0,0
380,Lagoa,PT,39.05,-27.98,69.28,77,19,11.27,few clouds,0.0,0
381,Quang Ngai,VN,15.12,108.8,79.29,88,100,4.61,overcast clouds,0.0,0
382,Raton,US,36.9,-104.44,82.4,26,1,12.75,clear sky,0.0,0
383,Hofn,IS,64.25,-15.21,51.33,76,100,4.18,overcast clouds,0.0,0
384,Baoshan,CN,46.56,131.42,61.93,92,18,0.85,few clouds,0.0,0
385,Dong Hoi,VN,17.48,106.6,83.73,74,100,7.0,overcast clouds,0.0,0
386,Sencha,UA,50.25,33.35,80.13,56,0,6.69,clear sky,0.0,0
387,Alofi,NU,-19.06,-169.92,73.4,88,39,12.75,scattered clouds,0.0,0
388,Prince Rupert,CA,54.32,-130.32,53.6,93,90,4.7,overcast clouds,0.0,0
389,Antofagasta,CL,-23.65,-70.4,59.0,62,40,4.7,scattered clouds,0.0,0
390,Chegem,RU,43.28,43.13,86.0,35,75,4.47,broken clouds,0.0,0
391,Mabaruma,GY,8.2,-59.78,83.52,83,89,3.47,moderate rain,1.7,0
392,Morehead,US,37.27,-87.18,82.4,61,1,4.7,clear sky,0.0,0
393,Kavieng,PG,-2.57,150.8,82.09,75,100,6.98,overcast clouds,0.0,0
394,Ixtapa,MX,20.7,-105.2,84.2,74,5,3.76,clear sky,0.0,0
395,Riom,FR,45.92,2.92,75.2,27,0,10.29,clear sky,0.0,0
396,Nuuk,GL,64.18,-51.72,55.4,58,40,6.93,scattered clouds,0.0,0
397,Salalah,OM,17.02,54.09,80.6,100,90,6.93,drizzle,0.0,0
398,Vila Do Maio,CV,15.13,-23.22,86.0,51,20,13.87,few clouds,0.0,0
399,Fakse Ladeplads,DK,55.22,12.17,64.0,48,47,12.75,scattered clouds,0.0,0
400,Puerto Madero,MX,14.72,-92.42,82.4,83,75,4.7,broken clouds,0.0,0
401,Saint George,US,37.1,-113.58,88.0,22,1,3.36,clear sky,0.0,0
402,Isoka,ZM,-10.16,32.63,76.23,36,0,2.59,clear sky,0.0,0
403,Makaryev,RU,57.88,43.81,72.88,55,34,8.37,scattered clouds,0.0,0
404,Huron,US,41.15,-82.55,75.99,71,30,4.0,scattered clouds,0.0,0
405,Maragogi,BR,-9.01,-35.22,78.44,79,31,14.36,light rain,0.43,0
406,Presidencia Roque Saenz Pena,AR,-26.79,-60.44,67.32,69,100,9.04,overcast clouds,0.0,0
407,Bloemfontein,ZA,-29.12,26.21,48.2,42,40,9.17,scattered clouds,0.0,0
408,Mayo,US,38.89,-76.51,86.0,74,1,6.93,clear sky,0.0,0
409,Windhoek,NA,-22.56,17.08,68.0,13,0,8.05,clear sky,0.0,0
410,Anton Lizardo,MX,19.05,-95.98,81.0,83,90,4.7,overcast clouds,0.0,0
411,Kimbe,PG,-5.55,150.14,75.16,87,92,5.82,overcast clouds,0.0,0
412,Harbour Breton,CA,47.48,-55.8,58.86,88,46,10.78,scattered clouds,0.0,0
413,Superior,US,46.72,-92.1,77.0,57,1,4.7,clear sky,0.0,0
414,Ansalta,RU,42.69,46.12,66.88,69,100,1.1,light rain,0.62,0
415,Faya,SA,18.39,42.45,86.0,39,40,6.93,scattered clouds,0.0,0
416,Edson,CA,53.58,-116.44,59.0,58,1,3.36,clear sky,0.0,0
417,Mana,GF,5.66,-53.78,84.87,70,32,8.75,light rain,0.18,0
418,Abu Dhabi,AE,24.47,54.37,102.2,45,100,8.05,overcast clouds,0.0,0
419,Eldorado,BR,-23.79,-54.28,67.01,80,100,7.83,overcast clouds,0.0,0
420,Asfi,MA,32.3,-9.24,77.4,61,0,20.94,clear sky,0.0,0
421,Leh,IN,34.17,77.58,65.48,26,8,7.78,clear sky,0.0,0
422,Hami,CN,42.8,93.45,83.14,23,64,5.35,broken clouds,0.0,0
423,Luocheng,CN,29.38,104.03,73.06,96,100,3.69,light rain,0.12,0
424,Yokadouma,CM,3.52,15.05,80.73,78,69,2.44,light rain,0.68,0
425,Naantali,FI,60.47,22.02,59.0,76,75,8.05,shower rain,0.0,0
426,Dolores,AR,-36.31,-57.68,48.25,50,67,16.87,broken clouds,0.0,0
427,Fairbanks,US,64.84,-147.72,53.01,76,1,3.36,clear sky,0.0,0
428,Namatanai,PG,-3.67,152.43,79.56,82,20,7.67,few clouds,0.0,0
429,Hohhot,CN,40.81,111.65,62.6,88,40,4.47,light rain,0.0,0
430,Pimenteiras,BR,-6.25,-41.42,89.58,34,1,8.97,clear sky,0.0,0
431,Wairoa,NZ,-39.03,177.37,39.0,82,85,4.0,overcast clouds,0.0,0
432,Toora-Khem,RU,52.47,96.11,57.85,72,84,3.85,broken clouds,0.0,0
433,Nemuro,JP,43.32,145.57,57.07,94,100,12.24,overcast clouds,0.0,0
434,Katangli,RU,51.71,143.23,49.86,96,96,4.9,overcast clouds,0.0,0
435,Dunedin,NZ,-45.87,170.5,50.0,58,100,1.01,overcast clouds,0.0,0
436,Chapais,CA,49.78,-74.85,75.2,83,75,8.05,broken clouds,0.0,0
437,Labuhan,ID,-6.88,112.21,77.56,80,84,9.22,broken clouds,0.0,0
438,Santa Rosa,PH,14.31,121.11,82.4,74,40,1.12,scattered clouds,0.0,0
439,Nosy Varika,MG,-20.58,48.53,70.68,76,0,7.54,clear sky,0.0,0
440,Hokitika,NZ,-42.72,170.97,53.01,82,99,11.65,light rain,0.5,0
441,Kieta,PG,-6.22,155.63,78.67,76,100,4.29,overcast clouds,0.0,0
442,Canto Do Buriti,BR,-8.11,-42.94,88.23,38,2,10.8,clear sky,0.0,0
443,Nyrob,RU,60.73,56.72,71.53,53,23,5.48,few clouds,0.0,0
444,Balaguer,ES,41.79,0.81,90.0,38,0,6.93,clear sky,0.0,0
445,Malpe,IN,13.35,74.72,78.8,88,75,6.93,broken clouds,0.0,0
446,Vaitape,PF,-16.52,-151.75,78.42,78,33,18.41,scattered clouds,0.0,0
447,Geraldton,AU,-28.77,114.6,51.8,50,0,12.75,clear sky,0.0,0
448,Hirara,JP,24.8,125.28,84.97,74,0,7.34,clear sky,0.0,0
449,Sangmelima,CM,2.93,11.98,75.83,90,57,3.2,moderate rain,1.89,0
450,Posyet,RU,42.65,130.8,60.69,93,100,2.39,overcast clouds,0.0,0
451,Shelburne,CA,44.08,-80.2,73.4,94,20,4.7,few clouds,0.0,0
452,Crixas,BR,-14.55,-49.97,87.73,37,52,9.42,broken clouds,0.0,0
453,Qaqortoq,GL,60.72,-46.03,55.4,76,75,6.93,broken clouds,0.0,0
454,Siguiri,GN,11.67,-9.5,88.29,58,31,3.38,light rain,0.42,0
455,Roma,US,43.21,-75.46,80.01,78,90,9.17,overcast clouds,0.0,0
456,Bathsheba,BB,13.22,-59.52,87.8,66,40,21.92,scattered clouds,0.0,0
457,Porto Belo,BR,-27.16,-48.55,72.0,72,20,9.17,few clouds,0.0,0
458,Pastavy,BY,55.12,26.83,65.73,65,32,11.56,scattered clouds,0.0,0
459,Rocha,UY,-34.48,-54.33,49.24,56,0,9.95,clear sky,0.0,0
460,Devin,BG,41.74,24.4,86.0,37,0,9.17,clear sky,0.0,0
461,Novaci,RO,45.18,23.67,77.41,47,0,3.98,clear sky,0.0,0
462,Salekhard,RU,66.53,66.6,59.85,94,100,6.87,moderate rain,3.18,0
463,Rochegda,RU,62.8,43.25,57.04,96,100,8.21,light rain,0.17,0
464,Sirjan,IR,29.45,55.68,86.47,14,6,23.62,clear sky,0.0,0
465,Sabha,LY,27.04,14.43,100.53,12,21,4.25,few clouds,0.0,0
466,Golden,US,39.76,-105.22,75.99,33,20,6.93,few clouds,0.0,0
467,Yulara,AU,-25.24,130.99,41.0,52,0,6.93,clear sky,0.0,0
468,Abha,SA,18.22,42.51,86.0,39,40,6.93,scattered clouds,0.0,0
469,Kurchum,KZ,48.57,83.65,66.85,59,91,10.36,overcast clouds,0.0,0
470,Cayenne,GF,4.93,-52.33,87.8,62,75,6.93,broken clouds,0.0,0
471,Karur,IN,10.95,78.08,83.8,64,55,11.63,light rain,0.36,0
472,Tupik,RU,54.43,119.93,66.27,62,67,1.34,broken clouds,0.0,0
473,Araguaina,BR,-7.19,-48.21,89.98,40,18,8.61,few clouds,0.0,0
474,Tiznit,MA,29.58,-9.5,93.96,22,0,9.26,clear sky,0.0,0
475,Korhogo,CI,9.45,-5.63,82.31,66,100,5.28,light rain,0.3,0
476,Uaua,BR,-9.84,-39.48,79.97,48,63,16.6,broken clouds,0.0,0
477,Mandapam,IN,9.28,79.12,83.43,81,99,23.6,overcast clouds,0.0,0
478,Poum,NC,-20.23,164.02,70.95,74,4,14.18,clear sky,0.0,0
479,Morant Bay,JM,17.88,-76.41,89.6,62,20,18.34,few clouds,0.0,0
480,Goderich,CA,43.75,-81.72,70.0,84,100,19.42,light rain,0.66,0
481,Kirkuk,IQ,35.47,44.39,106.0,7,22,18.88,few clouds,0.0,0
482,Verkhnevilyuysk,RU,63.45,120.32,73.4,69,22,6.69,few clouds,0.0,0
483,Oistins,BB,13.07,-59.53,87.8,66,40,21.92,scattered clouds,0.0,0
484,Hovd,MN,48.01,91.64,72.19,41,100,2.21,overcast clouds,0.0,0
485,Wajir,KE,1.75,40.06,93.2,32,20,12.75,few clouds,0.0,0
486,Mogzon,RU,51.74,111.96,59.79,89,100,7.65,light rain,0.26,0
487,Awbari,LY,26.59,12.78,100.65,10,0,11.52,clear sky,0.0,0
488,Kidal,ML,18.44,1.41,102.18,22,12,9.48,few clouds,0.0,0
489,Coahuayana,MX,18.73,-103.68,78.8,78,75,1.12,broken clouds,0.0,0
490,Ayagoz,KZ,47.97,80.44,64.22,60,59,11.45,broken clouds,0.0,0
491,Saint-Augustin,CA,51.23,-58.65,68.65,66,91,19.06,overcast clouds,0.0,0
492,Salou,ES,41.08,1.14,84.2,54,0,10.29,clear sky,0.0,0
493,Fakel,RU,57.63,53.03,70.05,69,0,6.02,clear sky,0.0,0
494,Maniitsoq,GL,65.42,-52.9,44.46,77,22,9.33,few clouds,0.0,0
495,Olinda,BR,-8.01,-34.86,82.4,65,75,18.34,broken clouds,0.0,0
496,Kedougou,SN,12.56,-12.17,89.92,57,35,7.02,moderate rain,1.27,0
497,Bogatoye,RU,53.06,51.33,76.6,79,17,12.95,few clouds,0.0,0
498,Fort Nelson,CA,58.81,-122.7,57.2,87,75,2.24,broken clouds,0.0,0
499,Mpika,ZM,-11.83,31.45,74.7,37,0,6.64,clear sky,0.0,0
500,Ust-Barguzin,RU,53.45,108.98,60.73,79,58,6.71,broken clouds,0.0,0
501,Athabasca,CA,54.72,-113.29,63.75,77,46,5.41,scattered clouds,0.0,0
502,San Patricio,MX,19.22,-104.7,86.0,74,75,0.07,broken clouds,0.0,0
503,Yeppoon,AU,-23.13,150.73,57.2,93,40,1.19,scattered clouds,0.0,0
504,Mponela,MW,-13.53,33.74,71.6,49,69,9.17,broken clouds,0.0,0
505,Araouane,ML,18.9,-3.53,99.95,28,50,14.41,scattered clouds,0.0,0
506,Camana,PE,-16.62,-72.71,62.92,64,76,6.31,broken clouds,0.0,0
507,Lai,TD,9.4,16.3,81.07,72,99,6.22,light rain,0.35,0
508,Okhotsk,RU,59.38,143.3,49.91,92,26,3.51,scattered clouds,0.0,0
509,Sabya,SA,17.15,42.63,95.0,63,20,12.75,few clouds,0.0,0
510,Khandyga,RU,62.67,135.6,61.72,86,77,1.5,broken clouds,0.0,0
511,Caceres,ES,39.52,-6.37,100.0,20,4,5.01,clear sky,0.0,0
512,La Ronge,CA,55.1,-105.28,62.6,82,75,9.17,broken clouds,0.0,0
513,Wuxue,CN,29.85,115.55,81.41,79,100,7.63,overcast clouds,0.0,0
514,Port Lincoln,AU,-34.73,135.87,52.88,81,45,13.44,light rain,0.32,0
515,Tessalit,ML,20.2,1.01,102.9,20,85,11.68,overcast clouds,0.0,0
516,Chara,RU,56.91,118.26,66.49,57,0,3.87,clear sky,0.0,0
517,Lucapa,AO,-8.42,20.74,93.79,15,0,6.58,clear sky,0.0,0
518,Sharan,RU,54.82,54.0,72.48,82,83,7.02,broken clouds,0.0,0
519,Mitsamiouli,KM,-11.38,43.28,82.4,65,40,10.29,scattered clouds,0.0,0
520,Melilla,ES,35.29,-2.94,82.4,78,75,11.41,broken clouds,0.0,0
521,Moshkovo,RU,55.31,83.61,64.4,88,0,6.71,clear sky,0.0,0
522,Jati,PK,24.35,68.27,85.91,74,79,21.65,broken clouds,0.0,0
523,Bulgan,MN,48.81,103.53,59.27,74,69,1.41,broken clouds,0.0,0
524,Kabalo,CD,-6.05,26.92,90.91,33,73,7.45,broken clouds,0.0,0
525,Katete,UG,-0.78,29.75,79.75,45,45,1.74,scattered clouds,0.0,0
526,Merauke,ID,-8.47,140.33,77.29,83,100,16.46,overcast clouds,0.0,0
527,Lipari,IT,38.47,14.95,84.0,69,0,1.01,clear sky,0.0,0
528,Porto Santo,PT,33.07,-16.34,71.6,73,40,17.22,scattered clouds,0.0,0
529,Montepuez,MZ,-13.13,39.0,75.36,50,0,5.7,clear sky,0.0,0
530,Vestmannaeyjar,IS,63.44,-20.27,53.6,81,90,12.75,overcast clouds,0.0,0
531,Kazachinskoye,RU,57.7,93.28,58.8,78,20,3.91,few clouds,0.0,0
532,Byron Bay,AU,-28.65,153.62,64.4,77,90,10.29,overcast clouds,0.0,0
533,College,US,64.86,-147.8,53.01,66,75,6.93,broken clouds,0.0,0
534,Yugorsk,RU,61.31,63.33,74.25,39,17,12.08,few clouds,0.0,0
535,Port Blair,IN,11.67,92.75,82.71,81,100,8.95,light rain,0.48,0
536,Grand Gaube,MU,-20.01,57.66,72.0,68,92,11.99,light rain,0.16,0
537,Halvad,IN,23.02,71.18,88.2,70,100,18.95,overcast clouds,0.0,0
538,Necochea,AR,-38.55,-58.74,45.0,66,23,15.01,few clouds,0.0,0
539,Kalmunai,LK,7.42,81.82,82.72,79,95,10.63,overcast clouds,0.0,0
540,Ambilobe,MG,-13.2,49.05,75.0,67,10,2.53,clear sky,0.0,0
541,Boshan,CN,36.48,117.83,78.01,80,100,4.72,overcast clouds,0.0,0
542,Weligama,LK,5.97,80.42,80.31,86,92,7.11,overcast clouds,0.0,0
543,Buta,CD,2.79,24.73,79.38,90,64,2.26,moderate rain,2.54,0
544,Kholodnyy,RU,62.72,147.95,49.98,77,11,1.07,few clouds,0.0,0
545,Anupgarh,IN,29.19,73.21,105.39,27,47,15.93,light rain,0.17,0
546,Charters Towers,AU,-20.1,146.27,61.47,93,18,6.62,few clouds,0.0,0
547,Goure,NE,13.98,10.27,93.99,38,24,5.01,few clouds,0.0,0
548,Rafai,CF,4.95,23.92,76.82,94,98,3.42,moderate rain,1.55,0
549,Namibe,AO,-15.2,12.15,75.2,53,0,11.41,clear sky,0.0,0
550,San Jose,US,37.34,-121.89,70.0,72,20,3.36,few clouds,0.0,0
551,Sao Gabriel Da Cachoeira,BR,-0.13,-67.09,78.8,83,40,3.36,scattered clouds,0.0,0
552,Tautira,PF,-17.73,-149.15,73.4,73,20,4.7,few clouds,0.0,0
553,Umm Lajj,SA,25.02,37.27,86.56,67,0,10.2,clear sky,0.0,0
554,Siyabuswa,ZA,-25.11,29.04,59.97,28,0,17.65,clear sky,0.0,0
555,Palestine,PS,31.92,35.2,87.01,66,20,9.17,few clouds,0.0,0
556,Little Chute,US,44.28,-88.32,80.01,53,40,5.82,scattered clouds,0.0,0
557,Lamar,US,33.67,-95.58,89.01,74,1,8.05,clear sky,0.0,0
558,Tabuk,PH,17.42,121.44,76.66,87,89,3.31,overcast clouds,0.0,0
559,Horasan,TR,40.05,42.17,67.91,60,73,5.3,moderate rain,1.91,0
560,Voznesenskoye,RU,54.89,42.76,72.72,61,0,4.18,clear sky,0.0,0
561,Omboue,GA,-1.57,9.26,77.7,76,54,10.8,broken clouds,0.0,0
562,Sterlibashevo,RU,53.44,55.26,79.02,77,77,8.25,broken clouds,0.0,0
563,Wamba,NG,8.93,8.6,80.69,73,87,4.16,overcast clouds,0.0,0
564,Lesnoy,RU,57.62,63.08,74.46,71,28,8.95,scattered clouds,0.0,0
565,Ilorin,NG,8.5,4.55,82.74,69,70,7.72,light rain,0.15,0
566,Caravelas,BR,-17.71,-39.25,79.39,59,29,6.13,scattered clouds,0.0,0
567,Artvin,TR,41.17,41.83,75.2,83,40,6.93,scattered clouds,0.0,0
568,Sidney,AU,-33.87,151.21,54.0,93,100,5.82,fog,0.0,0
569,Ler,SS,8.3,30.14,89.24,59,92,2.75,overcast clouds,0.0,0
570,Abancay,PE,-13.63,-72.88,65.35,39,0,1.3,clear sky,0.0,0
571,Ibiuna,BR,-23.66,-47.22,77.0,50,0,10.29,clear sky,0.0,0
572,Kudahuvadhoo,MV,2.67,72.89,84.31,76,41,12.15,scattered clouds,0.0,0
573,Acarau,BR,-2.89,-40.12,85.33,61,45,13.49,scattered clouds,0.0,0
574,Nacozari,MX,25.34,-108.26,88.0,70,0,5.01,clear sky,0.0,0
